{"cameraMode":{"drawMode":0,"name":"Shaded","section":"Shading Mode"},"sceneLighting":true,"audioPlay":false,"sceneViewState":{"m_AlwaysRefresh":false,"showFog":true,"showSkybox":true,"showFlares":true,"showImageEffects":true,"showParticleSystems":true,"showVisualEffectGraphs":true,"m_FxEnabled":true},"in2DMode":false,"pivot":{"x":-23.033966064453126,"y":1.9948012828826905,"z":-35.988948822021487},"rotation":{"x":0.07476677000522614,"y":-0.06576693058013916,"z":0.004941686987876892,"w":0.9950190782546997},"size":2.9556679725646974,"orthographic":true}