{"cameraMode":{"drawMode":0,"name":"Shaded","section":"Shading Mode"},"sceneLighting":true,"audioPlay":false,"sceneViewState":{"m_AlwaysRefresh":false,"showFog":true,"showSkybox":true,"showFlares":true,"showImageEffects":true,"showParticleSystems":true,"showVisualEffectGraphs":true,"m_FxEnabled":true},"in2DMode":false,"pivot":{"x":-24.64401626586914,"y":2.8465495109558107,"z":-22.401838302612306},"rotation":{"x":0.05842369422316551,"y":0.038332805037498477,"z":0.00223493087105453,"w":-0.9975610375404358},"size":3.8659615516662599,"orthographic":false}