{"cameraMode":{"drawMode":0,"name":"Shaded","section":"Shading Mode"},"sceneLighting":false,"audioPlay":false,"sceneViewState":{"m_AlwaysRefresh":false,"showFog":true,"showSkybox":false,"showFlares":true,"showImageEffects":true,"showParticleSystems":true,"showVisualEffectGraphs":true,"m_FxEnabled":true},"in2DMode":false,"pivot":{"x":-23.56599998474121,"y":0.9947121143341065,"z":-36.23494338989258},"rotation":{"x":0.04675091803073883,"y":0.6869804263114929,"z":-0.04437177628278732,"w":0.7238138318061829},"size":0.21802397072315217,"orthographic":false}