{"cameraMode":{"drawMode":0,"name":"Shaded","section":"Shading Mode"},"sceneLighting":false,"audioPlay":false,"sceneViewState":{"m_AlwaysRefresh":false,"showFog":true,"showSkybox":false,"showFlares":true,"showImageEffects":true,"showParticleSystems":true,"showVisualEffectGraphs":true,"m_FxEnabled":true},"in2DMode":false,"pivot":{"x":2.656231641769409,"y":-2.049419403076172,"z":-1.7183170318603516},"rotation":{"x":0.3942532539367676,"y":0.015160134993493557,"z":-0.006504531018435955,"w":0.9188635349273682},"size":13.289463996887207,"orthographic":false}